employee_id,first_name,last_name,email,gender,birth_date,salary
79-6583107,Nanni,Parfett,nparfett0@dot.gov,F,1985-03-22,4762
93-8722355,Halley,McClounan,hmcclounan1@usgs.gov,F,1984-08-25,3684
29-4138117,Cherry,Yate,cyate2@economist.com,F,1994-05-02,9608
13-1628502,Francois,Beamson,fbeamson3@cnbc.com,M,1996-11-18,7834
36-4337412,Derrick,Fomichyov,dfomichyov4@slate.com,M,1984-09-23,5167
37-5249223,Kerwin,Clulow,kclulow5@tumblr.com,M,1992-12-05,4277
99-8473022,Glyn,Inglish,ginglish6@t.co,M,1992-06-11,4696
46-6704885,Xenia,Persicke,xpersicke7@ft.com,F,2000-10-02,6331
43-5889398,Cyb,Colegrove,ccolegrove8@indiegogo.com,F,1997-01-21,5748
24-5706167,Rhiamon,Heaffey,rheaffey9@paypal.com,F,1988-11-11,6414
79-8035819,Hanny,Stubs update,hstubs0@github.com,F,1996-02-02,7061
24-9676514,Val,Bonnick update,vbonnick1@icq.com,M,1991-09-11,2657
61-3900911,Juanita,Lanfranconi update,jlanfranconi2@rediff.com,F,1992-07-08,7241
28-0495338,Elsie,Brownlea update,ebrownlea3@theglobeandmail.com,F,1985-11-03,8026
13-9980006,Chris,Kettlestringes update,ckettlestringes4@indiegogo.com,M,1994-12-14,1015