employee_id,first_name,last_name,email,gender,birth_date,salary
13-9184371,Isidoro,Peinton,ipeinton0@ftc.gov,M,2000-12-03,5521
63-2040812,Cati,Eskriet,ceskriet1@google.de,F,1987-03-03,8255
24-0217216,Claude,Synke,csynke2@blogtalkradio.com,F,1982-06-24,3560
22-4754495,Clayson,Kidgell,ckidgell3@dedecms.com,M,1997-11-03,9125
97-3713405,Wallis,Dibner,wdibner4@ox.ac.uk,F,1982-01-20,2314
21-0400761,Linn,Hof,lhof5@house.gov,F,1992-10-04,4516
11-8569435,Thebault,Scarre,tscarre6@wikipedia.org,M,1982-09-23,6621
05-4720140,Minny,Judgkins,mjudgkins7@linkedin.com,F,1996-08-10,2201
70-1991384,Vanny,Klamman,vklamman8@slate.com,F,1981-04-23,8770
32-0758288,Dallis,Tanser,dtanser9@microsoft.com,M,1993-03-17,5083
75-1578378,Quintina,Defrain more update,qdefrain0@about.me,F,1999-01-18,1164
61-9093088,Carolyne,Nuccii more update,cnuccii1@usnews.com,F,1999-01-17,6925
31-4412412,Sig,Youle more update,syoule2@dion.ne.jp,M,1999-05-03,5930
24-7537237,Adore,Kneafsey more update,akneafsey3@nydailynews.com,F,1991-07-21,7702
32-0818477,Jeanelle,Behning more update,jbehning4@auda.org.au,F,1983-11-25,5365
